ts;date;gfs_ugrd;gfs_vgrd;gfs_gust;ecmwf_ugrd;ecmwf_vgrd;ecmwf_gust;icon_ugrd;icon_vgrd;icon_gust
1551589200;"03.03.2019 05:00";-2.81593232;-0.059062240000003;3.0140344;1.0025446016;-0.086890739200052;3.3376718912;1.5110608;-1.514374528;3.6419986368
1551592800;"03.03.2019 06:00";-3.21742848;0.75990368;3.5484704;0.35717453439998;0.30580446719995;2.9907867712;0.52381392639999;-1.2344276288;3.1843615744
1551596400;"03.03.2019 07:00";-3.65357008;1.86461552;4.1005016;-0.341690176;0.79450376959996;4.1250717312;-0.80702346239999;-0.33035605760001;2.463676736
1551600000;"03.03.2019 08:00";-3.99496912;2.72950848;4.5091344;-1.061813888;1.2979477632;5.2937416255999;-1.4080496128;1.079797312;3.1656962751999
1551603600;"03.03.2019 09:00";-4.50299632;3.30084176;4.7662344;-1.7606785984;1.7865489344;6.4280268543999;-1.6367264576;2.0616776256;4.4697766911999
1551607200;"03.03.2019 10:00";-5.5519728;3.85938288;5.5613672;-1.2954433216;1.7926387776;6.3682610815999;-1.466158816;2.4884745792;4.9129910336
1551610800;"03.03.2019 11:00";-6.05884624;4.02399664;6.185;-0.81610887679998;1.7989687552;6.3066564736;-1.5386998208;2.6184355776;5.3567860864
1551614400;"03.03.2019 12:00";-5.45762176;3.4976344;6.4216984;-0.3508568;1.8050585984;6.246810432;-2.620686784;5.3734120064;6.5016480448
1551618000;"03.03.2019 13:00";-5.63945568;2.44743568;6.2750688;0.1198275136;0.40998172160004;5.4014320576;-2.5287026624;5.7997771008;9.085235424
1551621600;"03.03.2019 14:00";-5.46523552;1.70169824;6.2314376;0.60475822079999;-1.0273869184;4.5304064256;-1.9793985664;4.9390268672;9.0202536
1551625200;"03.03.2019 15:00";-5.31569408;0.71921904000004;5.9105376;1.0754590656;-2.4225459328;5.0842247744;-1.9719518784;3.4277562176;7.547628288
1551628800;"03.03.2019 16:00";-5.00702432;-0.23019663999997;5.689372;-0.68135405440002;-2.0384537088;6.0118205952;-1.8119552128;1.908547136;5.6657173248
1551632400;"03.03.2019 17:00";-4.75053776;-1.03495584;5.5334016;-2.4914428096;-1.6427005632;6.9674830272;-1.617683776;0.35303132159999;3.8126231488
1551636000;"03.03.2019 18:00";-4.60792432;-1.62370192;5.4984656;-4.2482396672;-1.2585427328;7.8950137792;-2.4061958464;-0.60232021760002;2.7364539584
1551639600;"03.03.2019 19:00";-4.512804;-1.92074784;5.4687984;-3.1964511936;-0.79633756159997;6.1377921088;-2.0700969408;-0.79625088640003;3.8082328832
1551643200;"03.03.2019 20:00";-4.38057696;-1.9846144;5.384264;-2.1128490752001;-0.32013377279999;4.3272386944001;-1.1790738624;-0.88596605440002;3.2954181376
1551646800;"03.03.2019 21:00";-4.1577632;-1.90960768;5.1982296;-1.0610606016001;0.1420713984;2.5700170240001;0.53377299199995;-1.007898688;2.1692177472
1551650400;"03.03.2019 22:00";-3.91800256;-1.76058784;4.9066968;0.11511492479992;-0.17130433279999;2.8416487936001;0.99629582079995;-0.81801475840001;2.3096538688
1551654000;"03.03.2019 23:00";-3.65040928;-1.63616784;4.532064;1.3268631423999;-0.49416620159998;3.1215386368;1.0502375744;-0.8893945024;2.2997594752
1551657600;"04.03.2019 00:00";-3.39436272;-1.56182112;4.2267312;2.5030383999999;-0.80752540159996;3.3931704064;1.3909255296;-1.2215612288;2.461713984
1551661200;"04.03.2019 01:00";-3.05925728;-2.37796688;4.4391328;2.6784863935999;-1.466148512;4.5343662784;1.5063554368;-1.5710009536;3.3136219136
1551664800;"04.03.2019 02:00";-2.84321696;-2.43585216;4.2163656;2.8591529407999;-2.1447720192;5.7101676288;1.6829562368;-1.946281504;3.8596968128
1551668400;"04.03.2019 03:00";-2.89120288;-2.4422712;4.2340984;3.0346009343999;-2.8034105984;7.0511014463999;1.591632096;-2.0572328704;3.9754788992
1551672000;"04.03.2019 04:00";-2.895876;-2.36622448;4.1944328;3.0184682368;-2.8604934336;7.2244944832;1.4439017664;-2.1518019904;4.0245671936
1551675600;"04.03.2019 05:00";-2.87879632;-2.30883792;4.016;3.0018346304;-2.9192457024;7.4031507712;1.431064;-2.2066043456;4.052719808
1551679200;"04.03.2019 06:00";-3.17383168;-1.9981456;3.6557016;2.9856854016;-2.9763296000001;7.576462208;0.54461763199998;-2.4388784448;4.0783198976
1551682800;"04.03.2019 07:00";-3.50922608;-1.1873456;3.2123016;0.54188134400002;-2.5498620544001;8.1861094656;-0.6860048704;-2.5286958208;4.205242496
1551686400;"04.03.2019 08:00";-3.5874864;-0.24003312;2.910836;-1.9759983424;-2.1104187456001;8.814135776;-2.2124775744;-2.393088512;5.1893103488
1551690000;"04.03.2019 09:00";-3.64232016;0.55319248000001;2.9906688;-4.4198856;-1.6839512000001;9.4236846335999;-3.3331094912;-1.5154067968;5.9818503424
1551693600;"04.03.2019 10:00";-3.96063488;1.3324448;3.5039672;-3.8404750399999;-0.15281489280006;8.5576765247999;-3.35768208;-0.53363063040003;5.9558571328
1551697200;"04.03.2019 11:00";-4.84311168;2.27845152;4.4484704;-3.2435601599999;1.4247412928;7.6654520831999;-2.0135997952;0.17799177599997;5.6404128128
1551700800;"04.03.2019 12:00";-4.18675536;2.42899024;4.5974016;-2.6641327999999;2.9558776;6.7994287743999;-1.4214647744;0.78717041279999;3.8179729215999
1551704400;"04.03.2019 13:00";-4.26545472;2.42702352;4.499736;-2.3822436927999;3.2762086144;6.3684787519999;-1.3611330944;1.1552590912;3.3397783423999
1551708000;"04.03.2019 14:00";-4.42784128;2.26350432;4.8398344;-2.0918499071999;3.6062409856;5.9246101055999;-0.48369208319998;1.2243711168;3.5259122752
1551711600;"04.03.2019 15:00";-4.08836752;2.13289792;4.6190688;-1.8099455999999;3.926572;7.7773612992;0.21093121280001;1.211372416;2.5888746496
1551715200;"04.03.2019 16:00";-3.49141376;1.79721088;4.1563344;-1.4437435008;3.6649044992;7.026933856;0.05055783680001;1.0319477376;2.0258052096
1551718800;"04.03.2019 17:00";-3.06955344;1.59376464;3.7825328;-1.0665427648;3.3952609664;6.2538323584;-0.1308658752;0.83799032320001;1.6915431552
1551722400;"04.03.2019 18:00";-2.71923296;1.35782496;3.4506656;-0.7004222656;3.1335937344;5.5034062464;0.62751336959999;0.24195313280001;1.388583968
1551726000;"04.03.2019 19:00";-2.5778656;1.51999104;3.3697656;-0.77685645440002;2.2029507008;4.3067363904;0.53883669119997;-0.091815462399994;1.2963274752
1551729600;"04.03.2019 20:00";-2.4097256;1.37224432;3.1512984;-0.85553794560004;1.2441942336;3.0738218112;0.46066376959996;0.024522163200006;1.4565756864
1551733200;"04.03.2019 21:00";-2.27252624;1.14451776;2.8203;-0.93198866560005;0.31365093120002;1.8772186240001;0.48232835199995;0.2566798592;1.4764783296
1551736800;"04.03.2019 22:00";-2.38766;0.7001112;2.7307344;-0.039041766400057;-0.08390255359998;2.234623808;0.66448532479996;-0.062693695999987;1.664623616
1551740400;"04.03.2019 23:00";-2.57344704;0.18651792;2.811536;0.88104510079994;-0.49345651199998;2.6029564736;0.63090564479997;0.025879500800017;1.5457333248
1551744000;"05.03.2019 00:00";-2.8002294528;-0.38165536;3.0979376;1.7740919999999;-0.89099373439997;2.9604435264;0.76887899519997;-0.19883417599999;1.4355644288
1551747600;"05.03.2019 01:00";-2.83096192;-1.36388096;3.4251376;1.7555344959999;-1.6488703488;4.0787198208;0.84448791679997;-0.24754748799999;1.5273432
1551751200;"05.03.2019 02:00";-2.8136816;-1.87492;3.7392032;1.7364154368;-2.429743584;5.2309881152;0.90151164159997;-0.46297449599999;1.7434837952
1551754800;"05.03.2019 03:00";-2.81090112;-2.41753264;4.0809688;1.7179563328;-3.1877036672;6.005498688;0.71284465279997;-1.0767294528;2.1001655808
1551758400;"05.03.2019 04:00";-2.65078672;-2.76131856;4.3414664672;1.517950816;-2.8309829120001;5.705310848;1.0643227584;-1.6270222656;3.1630831872
1551762000;"05.03.2019 05:00";-2.47581968;-3.04835184;4.5324328;1.3119357824;-2.4633626240001;5.3960361152;1.0275489664;-1.0304459904;4.1942253376
1551765600;"05.03.2019 06:00";-2.56884704;-3.18663408;4.3322016;1.1120273344;-2.1066432000001;5.0959314752;-0.66497335039999;-0.19684368000001;3.759507936
1551769200;"05.03.2019 07:00";-3.02342768;-1.85308928;3.5042704;-0.8180582336;-1.8731147072001;6.636720512;-2.3049517824;0.25948662399999;3.9039865536
1551772800;"05.03.2019 08:00";-3.64648784;-1.60334928;3.6978016;-2.8066435008;-1.6324596928001;8.2242857984;-2.3504350464;-0.121236416;4.0570382656
1551776400;"05.03.2019 09:00";-3.92002144;-1.5503224;3.5359656;-4.736812;-1.3989328000001;9.7650761664;-1.9682395456;0.42090325759999;4.0922394048
1551780000;"05.03.2019 10:00";-3.60376128;-2.0193152;3.5706624;-2.8491102912;-1.2312403264;9.8336843968;-1.813495712;0.7453226496;3.8741743167999
1551783600;"05.03.2019 11:00";-3.08810032;-2.67324112;3.8207296;-0.9042841088;-1.058396608;9.9043483008;-0.96862337919996;1.1560192832;4.2420256576
1551787200;"05.03.2019 12:00";-2.29054592;-3.58431504;4.3372624;0.98333439999998;-0.89062226559999;9.9729743936;-0.13023228799996;0.50922362880004;4.8609193536
1551790800;"05.03.2019 13:00";-1.02185664;-5.60803696;6.6452;-0.79347228160002;-2.58947648;10.7394469696;-1.0027496576;-1.4098671744;3.3944364416
1551794400;"05.03.2019 14:00";-1.00852768;-6.43879504;7.902572;-2.6241351872;-4.3397259200001;11.5291497088;-2.54281712;-4.1364576128;8.3737740543999
1551798000;"05.03.2019 15:00";-1.35133968;-7.43547152;8.980044;-4.4009584;-6.0385801344001;12.9388598976;-2.6845780672;-6.1297173376;10.8724475008
1551801600;"05.03.2019 16:00";-0.94169279999999;-7.39390288;9.6539472;-3.39274672;-6.3223473344001;12.6789204736;-2.1578368384;-7.3716449216;12.073261536
1551805200;"05.03.2019 17:00";-0.51702528;-7.52192928;9.874316;-2.35401488;-6.6146134656001;12.4111786496;-2.1039664832;-9.3291867456;13.4995182848
1551808800;"05.03.2019 18:00";0.046634720000003;-7.12243296;9.3994784;-1.3458048;-6.8983793344001;12.1513210944;-0.95477229440003;-9.6693768384001;13.7191625088
1551812400;"05.03.2019 19:00";0.38338704;-6.31189584;8.1519424;-0.44075921920003;-6.5089809600001;11.5907888704;-0.19496078720003;-8.5416111744001;13.9024229888
1551816000;"05.03.2019 20:00";0.75166;-5.68386064;7.263008;0.49184762239998;-6.1078302400001;11.0133799168;0.45388819199997;-7.8475275328001;11.9815156992
1551819600;"05.03.2019 21:00";0.72335296;-5.47772624;7.0458408;1.3968929344;-5.7184318656001;10.4528476928;1.1337282624;-7.3564765504001;11.0254619136
1551823200;"05.03.2019 22:00";0.67995264;-5.61358544;7.0444408;1.8050262656;-5.7099985408001;10.730504;1.5675415616;-6.3486356416001;10.4185878912
1551826800;"05.03.2019 23:00";0.69971904;-5.77985136;7.2713408;2.2253969344;-5.7012327936001;11.0166287936;1.6288980416;-6.1193474624001;9.2252432704
1551830400;"06.03.2019 00:00";0.75470592;-5.92187136;7.3656736;2.6335137344;-5.6928008000001;11.2942851008;2.0836898048;-5.7093536576001;9.0444374336
1551834000;"06.03.2019 01:00";0.85292607999999;-5.99223808;7.5806408;2.910266112;-6.1078914944001;12.0078306176;2.178825408;-5.7598639616001;8.773960992
1551837600;"06.03.2019 02:00";1.0692992;-5.84472448;7.4278408;3.1953926848;-6.5355999744001;12.7429278656;1.9587812416;-5.9632959680001;9.007914112
1551841200;"06.03.2019 03:00";0.88554591999999;-5.9208368;7.440672;3.4722272;-6.9505920000001;13.6575951616;1.6498912256;-6.8279766208001;9.8812864448001
1551844800;"06.03.2019 04:00";0.89117951999999;-6.04634144;7.387936;3.2133285888;-7.0498620800001;13.7326166912;1.6688930176;-6.8157200448001;10.3078192576
1551848400;"06.03.2019 05:00";0.88157279999999;-6.225668;7.6984016;2.9466330752;-7.1520352512001;13.8098620992;1.8060266752;-6.6399879936001;9.8919746880001
1551852000;"06.03.2019 06:00";0.39891232;-6.50975088;7.9467016;2.6878147328;-7.2512069312001;13.8849004288;2.0716205888;-6.5656764928001;9.9432623040001
1551855600;"06.03.2019 07:00";-0.30888879999999;-6.47423936;7.623236;1.0528682432;-7.0576672000001;13.5531926272;1.4658764416;-6.1883012032001;9.5178422912
1551859200;"06.03.2019 08:00";-1.02215008;-6.6513816;7.1974688;-0.631633376;-6.8582456000001;13.211370496;-0.45561230080001;-6.392116192;9.2086200832
1551862800;"06.03.2019 09:00";-1.63321104;-6.4805488;6.5672032;-2.2665798656;-6.6647069312001;12.8795824256;-1.987079104;-5.7458167744;9.1121957888
1551866400;"06.03.2019 10:00";-1.75761792;-5.89666304;6.013472;-2.2869776384;-1.7655793536001;12.3991628608;-2.5646064256;-4.6322758016;8.7881819136
1551870000;"06.03.2019 11:00";-1.87371072;-5.15159008;5.0692328;-2.3079022976;3.281967424;11.9042145984;-2.8050065792;-3.0018400832;7.8580241088
1551873600;"06.03.2019 12:00";-1.96325088;-4.28416304;4.5118672;-2.3282347328;8.1810950016;11.4237953024;-3.0891430656;-1.8259078592;6.3865947776
1551877200;"06.03.2019 13:00";-1.88505088;-4.06900976;4.1352656;-1.93829456;8.352138592;10.7194527296;-2.6162369792;-1.0797070464;5.692396896
1551880800;"06.03.2019 14:00";-1.9576376;-3.79279104;4.2546048;-1.5365111744;8.528383008;9.9937631872;-1.958263904;-0.65970743680001;4.571797088
1551884400;"06.03.2019 15:00";-2.01945824;-3.76409184;4.6670408;-1.1464891328;8.6994252672;11.4098367296;-1.6720136;-0.720099904;3.5204586752
1551888000;"06.03.2019 16:00";-1.7413536;-3.88162256;4.9576424;-0.41568272;8.7000887616;11.3960158336;-1.1507149504;-0.370382464;3.0665058816
1551891600;"06.03.2019 17:00";-1.23214752;-4.0503344;5.298108;0.3372817856;8.7007274368;11.381803712;0.14461265920001;-0.32294063359999;2.286187488
1551895200;"06.03.2019 18:00";-0.58973423999999;-4.37284608;5.379236;1.0681700672;8.7013730688;11.3679652224;1.2009974912;-2.1706426624;3.3055140416
1551898800;"06.03.2019 19:00";0.027700000000008;-4.65707056;5.8751016;1.3102517312;8.6712022272;11.3770510784;1.6371156032;-4.6484627904;6.9348694336
1551902400;"06.03.2019 20:00";0.26757344000001;-4.67888992;5.9935672;1.5596811392;8.6401745728;11.3864211968;2.0331481536;-5.0403456704001;8.2619602624
1551906000;"06.03.2019 21:00";0.36854032000001;-4.88194288;6.2021016;1.8017638656;8.6100856;11.3955070528;1.8538009344;-4.5137570240001;7.8648355968
1551909600;"06.03.2019 22:00";0.29207424;-5.26780288;6.4121016;1.7522686144;3.889435136;11.5218702656;1.251147488;-4.6833933696001;7.134220384
1551913200;"06.03.2019 23:00";0.264028;-5.54694224;6.7211344;1.7012156544;-0.97421400320008;11.6521337664;0.81071070079997;-4.9459591552001;7.2708752704
1551916800;"07.03.2019 00:00";0.20130864;-5.76930128;7.007;1.6516398656;-5.6948809984001;11.7784969792;0.56781769599996;-5.4357167040001;7.893125984
1551920400;"07.03.2019 01:00";0.3672096;-6.07007968;7.3228656;1.7911090304;-6.0711672192001;11.6569641728;1.0618958208;-5.6416644864001;8.2254539264001
1551924000;"07.03.2019 02:00";0.22582992;-6.13767344;7.405;1.9347555712;-6.4588322496001;11.5317692736;0.44843630079996;-6.1560113472001;8.8217332928001
1551927600;"07.03.2019 03:00";0.24581024;-6.19891296;7.3909328;2.0742260672;-6.8351182016001;12.676723616;0.22080674559996;-6.6984313216001;9.3895694528001
1551931200;"07.03.2019 04:00";0.22509728;-6.11634608;7.3877328;1.6679472064;-6.6442649664001;12.2663279872;0.034090335999964;-7.1339608448001;9.9987191168001
1551934800;"07.03.2019 05:00";0.127304;-6.12489344;7.5570016;1.2494226624;-6.4476955648001;11.8435649856;0.16121031679997;-7.1487304576001;10.1354707712
1551938400;"07.03.2019 06:00";-0.38801616;-6.24285616;7.4282672;0.84322540159998;-6.2569244672001;11.4331680256;-0.50772785280003;-6.9027298880001;10.0761883328
1551942000;"07.03.2019 07:00";-1.11877008;-6.34580896;7.0990688;-0.71190729600001;-6.4056843328001;12.2744244544;-0.56618517120003;-6.6609822336;10.0113861504
1551945600;"07.03.2019 08:00";-1.8828432;-6.258476;6.7711016;-2.3140707712;-6.5590051328001;13.1412227904;-2.3147947136;-6.5076053952;9.8051151296
1551949200;"07.03.2019 09:00";-2.62235008;-5.82722976;6.6185376;-3.8691232;-6.7077652672001;13.982559488;-4.087776096;-6.4809834048;10.933127104
1551952800;"07.03.2019 10:00";-3.07350384;-5.43190496;6.851072;-4.270247744;-6.6031679232001;14.0489977344;-4.8311760128;-5.955373504;11.191209504
1551956400;"07.03.2019 11:00";-3.33177056;-4.98855104;6.4520672;-4.683357792;-6.4953602752001;14.1174102336;-4.4604005632;-4.7789370304;10.8336916416
1551960000;"07.03.2019 12:00";-3.40418336;-4.69067808;6.4094688;-5.0844017983999;-6.3907629312001;14.1838650112;-4.4267749504;-4.8891277504;9.4121102208
1551963600;"07.03.2019 13:00";-3.3632824;-5.28295104;7.1885688;-4.549641504;-6.8683321088001;13.841799584;-4.5204462208;-5.0531040128;9.7716169472
1551967200;"07.03.2019 14:00";-3.11954192;-6.3340856;8.3506408;-3.9986132288;-7.3603567552001;13.4894676928;-4.617012256;-5.7053470848;10.5816068736
1551970800;"07.03.2019 15:00";-2.44046128;-7.39199984;9.0163064;-3.4638681344;-7.8380078016001;15.0755429888;-3.6109262656;-8.46177472;12.978449888
1551974400;"07.03.2019 16:00";-1.39370144;-7.67719312;9.5062736;-1.8900306304;-7.6581040384001;14.4060444544;-2.4243272576;-11.2065988224;16.3434553152
1551978000;"07.03.2019 17:00";-0.34732751999999;-6.72878416;9.1509424;-0.26847317120002;-7.4727437632001;13.716282784;-0.55222884480002;-11.3860395456;16.7603529088
1551981600;"07.03.2019 18:00";0.31125264000001;-6.57661648;8.8098736;1.3053643328;-7.2928400000001;13.0467829184;1.0174874176;-11.4520812224;16.2893126208
1551985200;"07.03.2019 19:00";0.4482992;-6.63912768;8.5223064;1.8500638592;-7.1925682880001;13.1987704832;1.4882227136;-10.023980064;16.355105536
1551988800;"07.03.2019 20:00";0.55149232;-6.90776;8.6140048;2.4111297408;-7.0891854464001;13.3554763968;1.2545663552;-9.2567782912001;14.3066850496
1551992400;"07.03.2019 21:00";0.48553968;-7.27213936;8.8420048;2.9557473984;-6.9889137344001;13.5074639616;0.83794442879999;-8.9201882752001;13.1692374464
1551996000;"07.03.2019 22:00";0.5784072;-7.48783728;9.0603704;3.0055274496;-7.0895182656001;13.7910076544;0.41605070079998;-8.5598629504001;12.6001015168
1551999600;"07.03.2019 23:00";0.67158111999999;-7.63419632;9.274136;3.0567872832;-7.1932097344001;14.0830758784;0.03071871359998;-8.5573538944001;12.1555612544
1552003200;"08.03.2019 00:00";0.80638815999999;-7.67968224;9.3684688;3.1064689344;-7.2938142656001;14.3665211712;0.014864735999967;-8.5879705088001;12.0386695168
1552006800;"08.03.2019 01:00";0.99436175999999;-7.78367488;9.5162016;3.2984772672;-7.5802748608001;14.815775488;0.03819594239997;-8.9176133504001;12.5792320576
1552010400;"08.03.2019 02:00";0.83698847999999;-7.84913488;9.5779016;3.4962083328;-7.8754370048001;15.278612416;0.060813183999972;-9.3599345536001;13.2523659904
1552014000;"08.03.2019 03:00";0.71314847999999;-8.0103272;9.6896016;3.6882166656;-8.1618976000001;16.0175619776;0.37288249599997;-9.6390132544001;13.7062409792
1552017600;"08.03.2019 04:00";0.84724143999999;-7.9595464;9.6903328;3.6714418432;-8.3294482816001;16.3405135744;1.1588079552;-9.2058186496001;13.7193067328
1552021200;"08.03.2019 05:00";0.87839439999999;-7.97807344;9.7129984;3.6541568896;-8.5020501184001;16.6732763776;1.772820096;-8.1596669120001;13.1735653376
1552024800;"08.03.2019 06:00";0.6089808;-8.00252272;9.6837984;3.6373804672;-8.6695842688001;16.9962266432;2.5029916288;-7.9214957952001;12.0659052032
1552028400;"08.03.2019 07:00";0.089347200000003;-7.7340448;9.2845656;2.0317766016;-8.6115812032001;16.5296549248;1.9699394048;-7.9252680960001;11.9923228864
1552032000;"08.03.2019 08:00";-0.31118623999999;-7.56529888;8.8657312;0.37750519679998;-8.5518927296001;16.048930272;0.57419898239996;-8.0396657664;11.8576082816
1552035600;"08.03.2019 09:00";-0.79449423999998;-7.5582616;8.6305656;-1.2280984;-8.4939563328001;15.5822769536;-0.84675923840004;-8.4460654848;12.118221504
1552039200;"08.03.2019 10:00";-1.25224064;-7.41434864;8.4319656;-2.0396817472;-8.4971736384001;15.943116128;-1.9129065024;-8.7143865664;12.705108224
1552042800;"08.03.2019 11:00";-1.46858;-7.59274416;8.6372656;-2.8758086528;-8.5005542272001;16.314765792;-2.7044662464;-8.95520848;13.3119841856
1552046400;"08.03.2019 12:00";-1.49747376;-7.80059728;8.928164;-3.687392;-8.5037728640001;16.6756049664;-2.2956651456;-9.6119268032;13.5459101632
1552050000;"08.03.2019 13:00";-1.07845312;-7.67847152;8.7427672;-3.1283429952;-8.2615490240001;15.938636256;-2.1121184256;-9.7868464128;14.2281993536
1552053600;"08.03.2019 14:00";-1.3907544;-7.89423888;8.9972688;-2.5522068032;-8.0119894464001;15.1793342976;-2.2758319552;-9.8299078144;14.281561568
1552057200;"08.03.2019 15:00";-1.22593504;-7.86734672;8.9430704;-1.9930761984;-7.7697016000001;13.9544575552;-1.719985888;-9.9632825216;14.3383309248
1552060800;"08.03.2019 16:00";-0.43394927999998;-6.715904;8.6666408;-1.3859875264;-7.7277161280001;13.7724233216;-0.31304289280003;-9.818801216;14.2084368
1552064400;"08.03.2019 17:00";0.24317680000001;-6.24010864;8.1058392;-0.76045967360003;-7.6844008064001;13.5849680128;1.3834627712;-9.4804669376;13.79375424
1552068000;"08.03.2019 18:00";0.6277368;-5.98364064;7.9234704;-0.15338886400005;-7.6424153344001;13.4029991168;2.5941979904;-8.5731651712001;13.4660392
1552071600;"08.03.2019 19:00";0.88614432;-6.29725728;8.1908328;1.001957184;-7.2534159680001;13.2075384448;2.6302151296;-7.6441951680001;12.4001715712
1552075200;"08.03.2019 20:00";0.76489184;-6.09107664;7.8666;2.1922658176;-6.8525631616001;13.0060405504;2.3173784;-6.9717064832001;11.2916481152
1552078800;"08.03.2019 21:00";0.68065888;-6.01669664;7.7475328;3.3475286656;-6.4635472640001;12.8105646784;2.0063927296;-6.7708148544001;10.3010946752
1552082400;"08.03.2019 22:00";0.61635904;-5.895496;7.4455984;3.4139652096;-5.9163650112001;12.0465112896;1.8031774336;-6.2582708736001;9.8875985344001
1552086000;"08.03.2019 23:00";0.56135232;-5.80262112;7.2188656;3.4824245888;-5.3526460544001;11.2593699712;1.356644832;-5.7712100992001;9.1278453056001
1552089600;"09.03.2019 00:00";0.47347216;-5.60118032;6.9101968;3.548860864;-4.8054635328001;10.4953016512;1.486588512;-5.4889604544001;8.5113747584001
1552093200;"09.03.2019 01:00";0.59047232;-5.45012608;6.6993592;3.1179023936;-4.7401784320001;10.1322377984;1.1454325248;-4.9094359680001;8.2161849536001
1552096800;"09.03.2019 02:00";0.26159248;-5.28657296;6.3984592;2.6739434752;-4.6729799680001;9.7581922240001;0.68648838399996;-4.4326789248001;7.4250140160001
1552100400;"09.03.2019 03:00";0.10306608;-5.11221248;6.0900232;2.2429860672;-4.6077932672001;9.1972658816001;0.15693898239996;-4.4748361920001;6.6223519488001
1552104000;"09.03.2019 04:00";0.11461967999999;-4.94335856;5.9270232;1.5267852288;-4.4354196096001;8.7719054400001;-0.016482592000048;-4.7179756672001;6.9314623872001
1552107600;"09.03.2019 05:00";0.046412959999994;-4.77113968;5.7425264;0.78876397439997;-4.2578508544001;8.3336827200001;0.026194579199955;-4.6298682112001;7.0020955008001
1552111200;"09.03.2019 06:00";-0.4499272;-4.6536632;5.6790312;0.072547667199975;-4.0855577344001;7.9083878848001;-0.24843428480003;-5.107253408;7.0406028416001
1552114800;"09.03.2019 07:00";-1.09320176;-4.93473248;5.5397328;-1.5720559168;-4.5427035584001;9.6983878720001;-1.5020706176;-5.3314928832;7.8781264256
1552118400;"09.03.2019 08:00";-1.5690952;-4.74673568;5.6023672;-3.266510816;-5.0137921728001;11.5427377152;-3.094103168;-5.2327376704;8.7197653824
1552122000;"09.03.2019 09:00";-1.9457024;-4.49220288;5.3998328;-4.9112128;-5.4710185344001;13.3327211712;-4.2553168704;-4.8291933952;9.4429414656
1552125600;"09.03.2019 10:00";-2.19439584;-4.11478272;5.2892328;-4.6789783616;-5.0909014528001;12.8691350272;-4.4945137664;-4.135484896;9.389611296
1552129200;"09.03.2019 11:00";-2.3678488;-3.85110336;5.1655328;-4.4398035072;-4.6992494784001;12.3915251328;-3.7599454592;-2.7110900672;8.9282386752
1552132800;"09.03.2019 12:00";-2.47297536;-3.6556776;5.0560016;-4.2076674688;-4.3191313344001;11.9279224576;-3.011525984;-1.639562432;7.3053066944
1552136400;"09.03.2019 13:00";-2.29244192;-3.2826312;4.6435016;-3.3461644736;-3.8548252736001;10.8356854656;-2.2103635584;-0.912704224;5.9788672
1552140000;"09.03.2019 14:00";-2.25010896;-3.22686544;4.6151704;-2.458613792;-3.3763460608001;9.7103675136;-1.8193343168;-0.6067909248;4.429783136
1552143600;"09.03.2019 15:00";-2.07209712;-3.1496648;4.4948064;-1.5971929344;-2.9119581312001;6.317795872;-1.390734784;-0.322038496;3.7015930752
1552147200;"09.03.2019 16:00";-1.54395808;-2.74322944;3.7236344;-1.2768461888;-3.6445934528001;7.2191370624;-0.3838571904;-0.3011472832;2.74466912
1552150800;"09.03.2019 17:00";-0.86347071999999;-3.1065488;3.8770032;-0.94687707520001;-4.3993275520001;8.1478123584;0.43723717119999;-1.2591724864;2.539413856
1552154400;"09.03.2019 18:00";-0.21020319999999;-3.37902608;3.8657656;-0.62653059840002;-5.1318985984001;9.0491535488;0.10633195519999;-3.0774795648;4.2441981376
1552158000;"09.03.2019 19:00";-0.15677024;-3.28038512;3.8694984;0.22335799679998;-4.6808560960001;8.5839349504;0.68576824959998;-3.6666976128;5.5804808384
1552161600;"09.03.2019 20:00";-0.051723679999999;-3.73989024;4.3269968;1.099063136;-4.2160777024001;8.1046332608;0.99546683519997;-3.6251821952;5.921643968
1552165200;"09.03.2019 21:00";0.21696288;-4.09094256;4.6224296;1.9490336;-3.7650368000001;7.6393341248001;0.83445761279997;-3.396848512;5.7406009536
1552168800;"09.03.2019 22:00";0.25390288;-4.33252896;4.9440624;1.7174198912;-3.7308078080001;7.4517298752001;0.82291240319996;-3.483569088;5.3833792448
1552172400;"09.03.2019 23:00";0.27200304;-4.5046688;5.1815936;1.478826976;-3.6955545216001;7.2585172224001;0.96073215359996;-3.6682758592;5.640380448
1552176000;"10.03.2019 00:00";0.22875008;-4.61971552;5.2783936;1.2472297984;-3.6613092672001;7.0709143040001;1.0732303808;-3.82417568;5.6522562752
1552179600;"10.03.2019 01:00";0.51262367999999;-5.0518016;6.0342904;0.92866721919996;-4.1979557888001;7.9144612288001;0.71786631679996;-3.9502970048;5.9993821248
1552183200;"10.03.2019 02:00";0.32171711999999;-4.94330192;5.819992;0.60047278079996;-4.7507846144001;8.7836719808001;0.35477125119995;-4.383126688;6.5323119296
1552186800;"10.03.2019 03:00";0.17379743999999;-4.93950816;6.018056;0.28184353279996;-5.2874324672001;9.3661803712001;0.0018506047999509;-4.6560078784001;6.8783849536001
1552190400;"10.03.2019 04:00";0.13605775999999;-5.00882816;5.9863904;0.14131468799997;-5.5404932416001;9.8864131776001;-0.18288563200005;-4.7852407552001;7.0473750784001
1552194000;"10.03.2019 05:00";0.048051359999993;-5.04946848;6.0034608;-0.0034242240000257;-5.8012500928001;10.4224373888;-0.46508413440005;-4.9776303744001;7.2878379328001
1552197600;"10.03.2019 06:00";-0.56346848;-5.37145888;6.6521032;-0.14395440000002;-6.0543111360001;10.9427510016;-1.2526705536;-6.012117696;8.5909275456
1552201200;"10.03.2019 07:00";-1.35070816;-5.94424752;6.7333376;-1.3872275776;-6.3935345152001;12.1367329024;-2.4267749248;-6.590990816;9.9430752832
1552204800;"10.03.2019 08:00";-2.05060832;-6.0414696;7.0350032;-2.668198624;-6.7430850176001;13.3668279936;-3.606530592;-6.7293345792;10.8083964608
1552208400;"10.03.2019 09:00";-2.631368;-6.03137872;7.2930704;-3.9114883328;-7.0822905344001;14.5608098944;-4.6423768832;-6.3017570752;11.1614982528
1552212000;"10.03.2019 10:00";-3.15476144;-5.96640576;7.5560048;-4.0959308416;-7.2546537728001;15.1299799808;-4.9560536064;-5.9978467456;11.2401967872
1552215600;"10.03.2019 11:00";-3.50805456;-5.90731984;7.6348704;-4.2860680256;-7.4322542272001;15.7164446912;-5.0272925632;-5.6815995328;11.0076051264
1552219200;"10.03.2019 12:00";-3.72699424;-6.04796096;7.827936;-4.4705283968;-7.6045190656001;16.2856147776;-4.6589802624;-6.0294764736;10.7756151808
1552222800;"10.03.2019 13:00";-3.60628688;-6.54380896;8.2088376;-4.0036006528;-7.2240087744001;15.5869324416;-4.7575193472;-6.522712032;11.4863420608
1552226400;"10.03.2019 14:00";-3.22101968;-7.11731056;8.7126408;-3.522535616;-6.8320042944001;14.8669765632;-4.1511594304;-7.9624513536;12.6615147392
1552230000;"10.03.2019 15:00";-2.42220576;-7.6315904;8.9460112;-3.0555422656;-6.4513966656001;12.6862864512;-2.5832459584;-9.4364576256;13.8309807424
1552233600;"10.03.2019 16:00";-1.24029344;-6.54833312;8.3146176;-2.0183528832;-6.4295831040001;12.2622720064;-0.90682649600002;-10.0271358336;14.41034112
1552237200;"10.03.2019 17:00";-0.0087801599999997;-6.02497904;7.3018864;-0.94977571840002;-6.4071141632001;11.8253686016;0.55969183359999;-9.1626580224;14.1902931456
1552240800;"10.03.2019 18:00";0.76634016;-5.8464312;6.5757456;0.087495532799963;-6.3853003328001;11.4012736192;0.51668102399998;-8.7039884544001;12.7640330624
1552244400;"10.03.2019 19:00";1.21373456;-5.55628368;6.344244;0.48902840959997;-6.4491678272001;11.6039470016;0.42474987519998;-7.5413663168001;11.6418098496
1552248000;"10.03.2019 20:00";1.14442144;-5.4368968;6.5620816;0.90281485439998;-6.5151051072001;11.8127416768;0.54193880319997;-7.0777451008001;10.466729696
1552251600;"10.03.2019 21:00";1.08452144;-5.51042304;6.695244;1.304348;-6.5790710016001;12.0153331904;0.53829660799997;-6.9594939328001;9.8802655872001
1552255200;"10.03.2019 22:00";0.97338175999998;-5.77090896;7.474744;0.92436380159999;-6.6019724800001;11.928752416;0.044530995199967;-7.3400281920001;10.237120416
1552258800;"10.03.2019 23:00";0.84275519999999;-6.08845936;7.8816752;0.53283546239999;-6.6255761856001;11.8395219328;-0.54636305280004;-7.6976145920001;10.7623835136
1552262400;"11.03.2019 00:00";0.69454191999999;-6.438832;8.085072;0.15285153279999;-6.6485582016001;11.7529422208;-0.97751627520004;-8.4795592320001;11.6108642048
1552266000;"11.03.2019 01:00";0.68036847999999;-6.89611664;8.740536;1.2709654336;-6.9237279616001;12.5403206464;-1.256345888;-8.5192273792001;12.1928603136
1552269600;"11.03.2019 02:00";0.71760815999999;-7.0713288;8.8230376;2.4229169664;-7.2072524416001;13.3516027072;-1.1344451712;-8.2744180288001;12.202384608
1552273200;"11.03.2019 03:00";0.71038799999999;-7.19496816;8.9075688;3.5410324672;-7.4824222016001;14.746929504;-0.87940078720005;-7.7853726336001;11.9092649088
1552276800;"11.03.2019 04:00";0.73155503999999;-7.168116;8.8931016;2.4449640576;-7.2619115520001;14.0320954624;-0.74292183040006;-7.3856004160001;11.2009614272
1552280400;"11.03.2019 05:00";0.65532847999999;-7.14014992;8.7808672;1.3156644095999;-7.0346891840001;13.2955045184;-1.2717824960001;-7.1312880448001;10.6370110656
1552284000;"11.03.2019 06:00";0.13617519999999;-7.27457984;8.9273688;0.21958079999995;-6.8141798656001;12.5805888768;-1.955343808;-7.6631377344001;11.289373376
1552287600;"11.03.2019 07:00";-0.61241904;-6.7877288;8.217636;-0.77043315200003;-7.3266681728001;13.6866479104;-2.7389253312;-7.8994713920001;11.8402211584
1552291200;"11.03.2019 08:00";-1.23419232;-7.14607776;8.2817032;-1.7904587136;-7.8546787584001;14.8262210816;-4.1147866496;-7.872014112;12.6143067776
1552294800;"11.03.2019 09:00";-1.52947984;-7.11959184;8.1038672;-2.7805545344;-8.3671670656001;15.9322622528;-4.9451513664;-7.545387904;13.025445792
1552298400;"11.03.2019 10:00";-1.91118736;-7.186204;8.1713344;-3.0654803776;-7.9628337600001;15.4247311872;-5.1247448;-6.627596;12.7474830208
1552302000;"11.03.2019 11:00";-2.11366752;-7.04092432;8.333936;-3.3591341568;-7.5461758400001;14.901782592;-4.9365910976;-5.6540092544;11.8408462336
1552305600;"11.03.2019 12:00";-2.18910784;-6.87202448;8.1096032;-3.64406;-7.1418593344001;14.3942501952;-5.0714153216;-5.525030464;10.873514112
1552309200;"11.03.2019 13:00";-1.74302096;-6.83423136;7.9175704;-3.2560243328;-7.0004832256001;13.5157949824;-4.4073494208;-5.975876576;10.9125284544
1552312800;"11.03.2019 14:00";-1.737248;-6.61423888;7.8373048;-2.8562196672;-6.8549503744001;12.6106499328;-3.6620187008;-6.287895232;10.4907585216
1552316400;"11.03.2019 15:00";-1.56090928;-6.32927344;7.468508;-2.4681992;-6.7135910656001;12.4678082176;-2.612487168;-6.7622536448;10.4409442624
1552320000;"11.03.2019 16:00";-1.0068976;-5.9516232;7.4260128;-1.5237783488;-6.4831540864001;11.824552352;-0.94407079680004;-6.7696615552;10.3449188032
1552323600;"11.03.2019 17:00";-0.025003839999993;-5.17525856;5.9213424;-0.55075978880003;-6.2457137792001;11.1617174464;0.038834611199956;-6.0088601344;9.6164557952
1552327200;"11.03.2019 18:00";0.520556;-4.93137728;5.5349688;0.39364319999997;-6.0152770688001;10.518461312;1.3412184576;-5.5638728576;8.3893002496
1552330800;"11.03.2019 19:00";0.7939632;-4.7533096;5.4779704;0.91024477439997;-5.2384930880001;9.4942063680001;1.4253663424;-4.309341888;8.1064050432
1552334400;"11.03.2019 20:00";0.79044336;-4.62824864;5.3259968;1.4424336256;-4.4381865152001;8.4389849408001;0.74669726719995;-4.013306784;6.7501790336
1552338000;"11.03.2019 21:00";0.71493663999999;-4.58086096;5.3158968;1.9590504;-3.6614009344001;7.4147313280001;0.44559274239995;-4.0684295488;6.168239008
1552341600;"11.03.2019 22:00";0.64055007999999;-4.69832752;5.4004608;1.7415363136;-3.7823913344001;7.4960380480001;0.071921971199951;-4.3071843456;6.3899670848
1552345200;"11.03.2019 23:00";0.57580367999999;-4.74295408;5.4033592;1.5173886208;-3.9070689344001;7.5797981888001;0.032087071999951;-4.416089408;6.5983865664
1552348800;"12.03.2019 00:00";0.56341071999999;-4.67868688;5.3563232;1.2998081344;-4.0280593344001;7.6610409024001;0.68413994879995;-4.3349903552;6.6374067584
1552352400;"12.03.2019 01:00";0.90326399999999;-4.35272688;5.0205592;1.3140457664;-3.8442949184001;7.2227378112001;0.52184321279995;-3.7242329536;6.524305312
1552356000;"12.03.2019 02:00";0.86143087999999;-3.954668;4.5793936;1.3286900992;-3.6549664128001;6.7711234944001;-0.0066445888000484;-3.1954937152;5.726290464
1552359600;"12.03.2019 03:00";0.51613791999999;-3.69324864;4.253928;1.3428279999999;-3.4712838656001;6.4027754752001;-0.042937433600048;-2.8543777216;4.84908192
1552363200;"12.03.2019 04:00";0.41505791999999;-3.36920864;3.946128;0.68186367999996;-3.1978942912001;6.0140743104001;0.48755517439995;-2.4264669504;4.3583664576
1552366800;"12.03.2019 05:00";0.37077775999999;-3.04616944;3.6364624;0.00080831999997502;-2.9162246400001;5.6135937408001;-0.022552806400046;-2.5278961536;3.8486311168
1552370400;"12.03.2019 06:00";-0.054916160000004;-2.69928576;3.1423312;-0.66015760000001;-2.6428350656001;5.2248773760001;-1.3190344832;-3.4481776576;4.7438831616
1552374000;"12.03.2019 07:00";-0.93044383999999;-2.9552536;3.5375984;-1.2475100928;-2.4355533056001;5.8157542656001;-2.3775111552;-2.9438839744;5.74351632
1552377600;"12.03.2019 08:00";-1.77347808;-2.27628752;3.185264;-1.8527331072;-2.2219682944001;6.4245432064001;-2.7612750912;-1.9302723648;5.7375262144
1552381200;"12.03.2019 09:00";-2.150092;-1.23140144;2.4537984;-2.4400690688;-2.0146046656001;7.0154038336;-2.1319660544;-0.92422954880003;5.3493083328
1552384800;"12.03.2019 10:00";-2.16367264;0.38217808;2.6203968;-2.1358766592;-0.3169704384001;7.509800448;-1.4250891008;0.09283729919998;4.1093464512
1552388400;"12.03.2019 11:00";-2.29990704;1.95313776;3.772;-1.8224320064;1.4320931071999;8.0191499583999;-1.4556491712;0.57745868799999;3.5393952511999
1552392000;"12.03.2019 12:00";-2.39112112;3.3266896;4.9618984;-1.5182382656;3.1296286655999;8.5134663039998;-1.5850859712;0.96224197119999;3.4830644799999
1552395600;"12.03.2019 13:00";-2.3578152;4.14790832;5.643964;-0.91546199039998;3.1254291647999;7.5807264895999;-0.86159356799997;1.0738644864;3.7507483711999
1552399200;"12.03.2019 14:00";-2.39656208;4.2982152;5.8102296;-0.29444720639998;3.1210483008;6.6196983743999;-0.70350175359998;1.0063367616;3.2815857536
1552402800;"12.03.2019 15:00";-2.30258864;4.10134944;5.4838984;0.30832906880002;3.1167669312;6.1898309823999;-0.29577937919998;0.78250649600001;2.9204914304
1552406400;"12.03.2019 16:00";-2.0063808;3.18877568;4.258328;0.11087006720001;2.4336780736;5.0906067711999;-0.25378622079999;0.67025571200001;2.1755898496
1552410000;"12.03.2019 17:00";-1.44898016;2.71461008;3.6380952;-0.092593798400008;1.729866592;3.9580401216;1.0159902592;0.69346218880001;2.4833858176
1552413600;"12.03.2019 18:00";-0.85706640000001;2.2180384;3.0012312;-0.29015120000002;1.0467942656;2.8587356416;1.8225314496;-0.060231961599998;3.0838208128
1552417200;"12.03.2019 19:00";-0.27475264000001;1.8885992;2.5183;0.20442383999998;1.1452290176;3.1383870144;2.082673024;0.2240935616;3.5078078656
1552420800;"12.03.2019 20:00";-0.27597920000001;1.75839232;2.3898016;0.71396015999998;1.2467065792;3.426520576;1.9109376704;1.1992502848;3.8875729216
1552424400;"12.03.2019 21:00";-0.36553936000001;1.70171232;2.3994656;1.2084368;1.34514;3.7061722176;1.5871297792;1.2665325376;4.069250304
1552428000;"12.03.2019 22:00";-0.34763312000001;1.900052;2.5372968;1.1405585408;1.5845689856;4.0981792832;1.8919157696;1.8906638208;4.4946405376
1552431600;"12.03.2019 23:00";-0.42881328;2.06361808;2.7527624;1.0705607936;1.8312166144;4.5020152448;1.1527287168;1.6866702784;4.2888568384
1552435200;"13.03.2019 00:00";-0.56408640000001;2.13339088;2.8762952;1.0025841344;2.0706456;4.8939417728;1.870001472;1.5745325504;4.1942559168
1552438800;"13.03.2019 01:00";-1.06519216;2.09457712;2.974328;1.2366553984;1.9425983936;4.7910060416;-0.41835779200001;2.9602393344;4.8653995136
1552442400;"13.03.2019 02:00";-1.5625584;1.95956368;3.177628;1.4778083328;1.8106641408;4.6848602752;0.60464768639998;3.1865965504;5.5902647488
1552446000;"13.03.2019 03:00";-1.6010184;2.0184032;3.291628;1.7118633344;1.6826169344;4.6146779072;2.273251616;0.50596754560003;5.0216037248
1552449600;"13.03.2019 04:00";-1.80981168;2.0434032;3.3957952;1.1838369792;1.9329508416;4.8135196864;2.2732435456;0.58586343680004;4.0719660096
1552453200;"13.03.2019 05:00";-1.89483136;1.84536368;3.2974952;0.63990688640002;2.1907902272;5.018340896;1.4603031296;0.53477896320004;3.9976334784
1552456800;"13.03.2019 06:00";-2.5631928;1.94392336;3.8221328;0.11188080000003;2.4411238656;5.217099744;-0.49247135999999;2.289093536;3.7975590464
1552460400;"13.03.2019 07:00";-3.0097328;2.54132848;4.5171656;-0.11309967359995;2.9260472192;6.2501294336;-1.0359990336;2.5055932416;4.8511874944
1552464000;"13.03.2019 08:00";-3.6759264;3.04847424;5.404464;-0.34487112959994;3.4257041152;7.3143988928;-0.76864775679997;2.1758381952;4.8921335424
1552467600;"13.03.2019 09:00";-4.37287392;3.49070592;6.2303968;-0.56986786559992;3.9106288;8.3474451136;-1.022859904;1.9853118784;4.6230631872
1552471200;"13.03.2019 10:00";-4.6406207872;4.18687296;6.957264;-1.5078721471999;4.60555744;9.8413693248;-1.338867488;2.5421545024;5.5419043584
1552474800;"13.03.2019 11:00";-4.75815792;4.81227152;7.5794624;-2.4742614527999;5.32140816;11.3805971648;-1.8151282368;3.792728288;7.0716944128
1552478400;"13.03.2019 12:00";-4.41470592;5.3366328;7.7919968;-3.4122822656;6.0162549312001;12.8746032448;-2.3213691072;4.077277856;7.8892618496
1552482000;"13.03.2019 13:00";-4.06086784;5.5932736;7.8270296;-2.5124148288;6.1806750784001;12.415586016;-2.3760216704;3.7207190016;8.157503392
1552485600;"13.03.2019 14:00";-3.24152144;5.6118608;7.6740624;-1.5851467712;6.3500910528001;11.9427017408;-2.316987584;3.3677127616;7.4274230336
1552489200;"13.03.2019 15:00";-1.79827344;5.24606832;7.211164;-0.68519613440005;6.5145930688001;11.4836831808;-2.1192918848;3.4952063424;6.9034950208
1552492800;"13.03.2019 16:00";-1.36739008;4.22884;5.3519624;0.22110254719997;4.6454998208001;8.9655964480001;-1.5868892928;2.8544887616;6.5800538496
1552496400;"13.03.2019 17:00";-0.30798272000002;2.26191616;3.11342;1.1549009216;2.7197509824001;6.3712094848001;-0.85838275839999;1.9718873792001;5.1629914176
1552500000;"13.03.2019 18:00";0.47855935999998;-0.26288239999997;1.8777344;2.0612006656;0.85065773440012;3.8531214208001;-0.5408874432;1.1696898496;3.5856970432001
1552503600;"13.03.2019 19:00";1.06477504;-1.83942736;2.8661656;3.260667808;-1.4070903679999;7.3901055104001;-0.7131639872;-1.2423311744;3.5193145408
1552507200;"13.03.2019 20:00";1.5676688;-3.28017776;4.501792;4.4963821952;-3.7331985664;11.0341838784;-0.33202074880002;-2.2159084992;3.8282844416
1552510800;"13.03.2019 21:00";1.67923568;-4.31062416;5.8262856;5.6957688000001;-5.9908632;14.5711012992;0.12182034559998;-4.5851338816;6.6853585536
1552514400;"13.03.2019 22:00";1.76016128;-5.22136144;7.2085392;5.4873574144;-5.2454665856;13.7265046976;0.0045336639999116;-6.4745444288001;9.5004515712001
1552518000;"13.03.2019 23:00";2.08675152;-5.84100304;7.641016;5.2725364544;-4.4774875456;12.8562139904;1.9990052287999;-5.7012705664001;10.9911092544
1552521600;"14.03.2019 00:00";2.34949728;-6.12451984;7.7652488;5.0641250688;-3.7320896;12.01153552;1.541794336;-6.5577336832001;9.4534418112001
1552525200;"14.03.2019 01:00";2.24053008;-6.34578912;7.7501536;3.8110022464;-2.8753654912001;9.622726496;1.6197783168;-6.9924694464001;10.1541205056
1552528800;"14.03.2019 02:00";2.63139616;-6.10298384;8.586396;2.5199216192;-1.9927027712001;7.1615290624;2.1466459008;-5.4094012096001;10.1145638784
1552532400;"14.03.2019 03:00";3.22062928;-5.14261792;8.4185632;1.2667990656;-1.1360608000001;4.7727200384001;1.9610292416;-3.6690153536001;8.1540163008001
1552536000;"14.03.2019 04:00";2.89705584;-3.71411616;6.892888;0.6699339136;-1.0369883648001;4.4749652864001;1.9502547584;-1.7786820928;5.9907638592001
1552539600;"14.03.2019 05:00";1.71802992;-2.33879392;5.0253144;0.055023020799996;-0.93490883200007;4.1681150592001;1.7328620224;-1.7502603072;4.3013737984
1552543200;"14.03.2019 06:00";0.32780351999999;-2.12622336;3.9413688;-0.54182400000001;-0.83582013440007;3.8703437760001;-0.18844179200005;-1.4112211584;3.8279541952
1552546800;"14.03.2019 07:00";-1.06617408;-1.92119584;3.4562872;-1.2040395072;-1.2094012800001;5.3388855360001;-2.0172756992;-1.9390600576;4.475975072
1552550400;"14.03.2019 08:00";-2.36875792;-1.31185504;3.8405216;-1.8862583616001;-1.5942347200001;6.8519072448001;-2.3906955584;-2.3030225984;5.3913230656
1552554000;"14.03.2019 09:00";-3.0174096;-0.75366944000002;3.6388184;-2.5483920000001;-1.9677161344001;8.3205295424001;-2.5849878464;-1.170956;5.3243902208
1552557600;"14.03.2019 10:00";-3.48597632;-0.11307024000002;2.9973152;-2.8642295744;-0.30493343360008;8.812196096;-2.4005217408;0.18113652480001;4.7012445376
1552561200;"14.03.2019 11:00";-3.589676;0.54697631999998;3.1567432;-3.1896634944;1.4083196991999;9.3187802815999;-2.3039636416;1.5843618496;4.8312245824
1552564800;"14.03.2019 12:00";-3.62254256;1.26423024;3.2642808;-3.5055189312;3.0711855999999;9.8104455039999;-1.3735518336;1.7114880704;4.8910904448
1552568400;"14.03.2019 13:00";-3.76403024;2.08719168;3.793484;-3.0047602688;3.0729974335999;9.0007671487999;-0.79654089599997;1.1210823424;3.9648571328
1552572000;"14.03.2019 14:00";-3.65876416;2.4165128;4.1863952;-2.4887815999999;3.0748115007999;8.1666091583999;-0.34031537919998;-0.22263222399994;2.7913513216
1552575600;"14.03.2019 15:00";-3.11261072;1.9899256;3.8791968;-1.9879407999999;3.0766233343999;7.3569476031999;-0.92291345919998;-2.1910625407999;4.615888416
1552579200;"14.03.2019 16:00";-2.68088416;1.37836528;3.4636656;-1.1983013696;2.5555272895999;5.8302340032;0.0069890047999944;-3.2468728;5.3465997504
1552582800;"14.03.2019 17:00";-2.39903856;0.47936480000001;3.001928;-0.3846534976;2.0186665087999;4.2572262592;0.72735733759999;-4.073426464;5.993455264
1552586400;"14.03.2019 18:00";-2.35522624;-0.42624176;3.0743576;0.40498753279996;1.4975704639999;2.7304307904001;0.82136526719999;-4.0585593984;6.4145806208
1552590000;"14.03.2019 19:00";-2.53102704;-0.9533216;3.5014528;0.59417462399997;0.49926826239991;3.0288752000001;0.50239151359998;-2.6592536;6.095365792
1552593600;"14.03.2019 20:00";-2.64934016;-1.4009544;3.7371576;0.78903557759998;-0.52938712960007;3.3363447744;0.26452399999998;-2.6631272832;3.9839216256
1552597200;"14.03.2019 21:00";-2.66112624;-1.55386048;3.8328608;0.97812559999999;-1.5277712;3.6347905152;0.31243788799998;-2.6680034048;4.0365540416
1552600800;"14.03.2019 22:00";-2.50142608;-1.93844656;3.7639608;1.2509650432;-1.3024416448001;3.56805648;0.68354303359997;-2.0687298112;3.9224458176
1552604400;"14.03.2019 23:00";-2.31522656;-2.48531296;3.8685624;1.5319834944;-1.0703251520001;3.4994015872;0.70821096959997;-1.8593888192;3.2203126912
1552608000;"15.03.2019 00:00";-2.0274536;-2.7800528;3.9597296;1.8047421312;-0.84507746560006;3.4326840832;0.97468481279997;-1.4852522624;2.95825648
1552611600;"15.03.2019 01:00";-1.81072752;-2.90607952;3.9336984;1.8328738752;-0.83748856960006;3.4447948992;1.0369839744;-1.2945767168;2.6885429376
1552615200;"15.03.2019 02:00";-1.75984832;-2.6742528;3.6379984;1.861739328;-0.82970042880006;3.4572747392;1.1977930176;-1.3756493696;2.7783653504
1552618800;"15.03.2019 03:00";-1.77568272;-2.57404592;3.5362984;1.8897905344;-0.82211126400006;3.4693855552;1.3952659968;-1.2900134976;2.8773095744
1552622400;"15.03.2019 04:00";-1.8563632;-2.6725256;3.6107312;0.90826190719998;-1.0460178048001;3.742455296;1.3793579456;-1.5229732544;3.0864578624
1552626000;"15.03.2019 05:00";-1.96421072;-2.86382656;3.8163984;-0.10310590720001;-1.2766741312001;4.0237804928001;1.33794192;-1.3532161664;3.1565568128
1552629600;"15.03.2019 06:00";-2.56809168;-2.46200736;3.5162328;-1.0846510656;-1.5005150656001;4.2968337024001;-0.1557563328;-0.8541467264;2.8185190976
1552633200;"15.03.2019 07:00";-3.24967888;-1.49971456;3.3235656;-1.9662161152;-1.4131834624001;5.6090304512;-1.4833919168;-0.032081894400008;2.6842635328
1552636800;"15.03.2019 08:00";-3.71268592;-0.19720176;3.2323328;-2.8743757504;-1.323123136;6.961031552;-2.3840497792;1.0149251264;4.3401879295999
1552640400;"15.03.2019 09:00";-4.22312016;1.16622416;4.0523328;-3.7559394688;-1.2357915328;8.2732117695999;-2.505950816;1.6944491456;5.0351713151999
1552644000;"15.03.2019 10:00";-4.93695552;2.51656368;5.1603968;-2.8412460224;0.279101824;8.0637028479999;-1.8423940928;2.1444922752;5.2186903295999
1552647600;"15.03.2019 11:00";-5.40800256;3.52374304;6.2686952;-1.8988439808;1.8398625088;7.8478245439999;-1.6178795328;2.3794569664;5.1890838208
1552651200;"15.03.2019 12:00";-5.36624192;3.8426152;6.6684624;-0.98415053439997;3.3547561344;7.6382337536;-1.972977184;4.6145356416;7.504584192
1552654800;"15.03.2019 13:00";-5.22024096;3.51347504;6.6579296;-0.68032713599999;3.2950701824;7.196676704;-1.5719204416;5.9867020544;8.8299541248
1552658400;"15.03.2019 14:00";-5.39560736;2.8970296;6.6673328;-0.3672899968;3.2335814848;6.7417888512;-1.699224832;4.922039392;8.7907759744
1552662000;"15.03.2019 15:00";-5.32398048;1.93907136;6.3119344;-0.063548467200021;3.1738958016;6.3002331328;-1.7890904128;4.1251446336;7.4255943744
1552665600;"15.03.2019 16:00";-4.96845856;1.04197184;5.7968016;-0.33469230720001;2.017221248;4.9341552704;-1.5370576832;2.867015136;6.4074595072
1552669200;"15.03.2019 17:00";-4.4544304;0.23336592000002;5.095836;-0.61400782719999;0.825403552;3.5268006912;-1.6946037696;1.6146698176;4.6827973056
1552672800;"15.03.2019 18:00";-4.01048992;-0.37661263999999;4.6554;-0.88505326719998;-0.33128753280001;2.1608046976;-1.5218454912;0.29942517119998;3.4983318336
1552676400;"15.03.2019 19:00";-3.68058416;-0.66901215999999;4.3702984;-0.495964;0.027886495999988;1.9666045376;-0.66725939840002;-1.156552992;2.585409568
1552680000;"15.03.2019 20:00";-3.25023152;-1.00364592;3.9148968;-0.095022534400015;0.39792490239999;1.7664527552;0.046603654399964;-1.7025777088;2.5753084672
1552683600;"15.03.2019 21:00";-2.93139232;-1.13599968;3.6029968;0.29406673279997;0.75709759999999;1.572251264;0.27224567039996;-1.9118749056;2.9207511296
1552687200;"15.03.2019 22:00";-2.7345792;-0.88431344;3.3159312;0.51228997759998;0.58341137919999;1.6274306112;0.55662328959996;-2.0609763136;3.1966256
1552690800;"15.03.2019 23:00";-2.57537248;-0.67724112;3.1556656;0.73706622079999;0.40443195519998;1.6843505536;0.96778746879997;-2.0793998848;3.4400887424
1552694400;"16.03.2019 00:00";-2.36147184;-0.70630144;2.9286656;0.9552881344;0.23066386559997;1.7396283008;1.1397634496;-1.7726908608;3.3927300288
1552698000;"16.03.2019 01:00";-2.2197584;-0.96304112;2.8958656;1.0842434432;0.23963609599996;2.1807937152;1.4584973824;-1.4941006464;3.2868820992
1552701600;"16.03.2019 02:00";-2.081204;-1.09490032;2.7897312;1.2172424896;0.24894503679995;2.6352341376;1.687813088;-1.1381895488;3.1449513792
1552705200;"16.03.2019 03:00";-1.8467376;-1.11421248;2.6003968;1.3461812672;0.25790046719994;3.0763998208;1.882327616;-1.184395808;3.2487314624
1552708800;"16.03.2019 04:00";-1.64685824;-1.26971136;2.5772968;1.2278698624;-0.43234618880006;3.5677698496;1.8580180416;-1.1117064704;3.2807203328
1552712400;"16.03.2019 05:00";-1.82316544;-2.06719168;3.400964;1.1060240704;-1.1436036096001;4.0740567488001;1.6133461184;-0.94072632959999;3.233275776
1552716000;"16.03.2019 06:00";-2.75479296;-3.1758848;4.7542984;0.98769746560001;-1.8339489344001;4.5654267776001;0.050792377599997;-0.88574784;2.7191156032
1552719600;"16.03.2019 07:00";-3.60829024;-3.90821536;5.5332592;-1.177867296;-2.2779908800001;7.0631834048;-1.6534198464;-0.5567434112;3.0600421952
1552723200;"16.03.2019 08:00";-4.17012208;-4.0039904;5.5716888;-3.4091458368;-2.7354307200001;9.636576448;-2.576356288;-0.57190027520001;4.4259075328
1552726800;"16.03.2019 09:00";-4.6065344;-3.57220512;5.4434528;-5.5747924672;-3.1794726656001;12.1342690688;-3.0035301376;-1.0306554112;5.3339701823999
1552730400;"16.03.2019 10:00";-4.73507456;-2.84861984;5.11402;-5.052746272;-1.7754282560001;11.3675583424;-3.9320215872;-1.0869111872;6.5979773376
1552734000;"16.03.2019 11:00";-4.23952032;-2.03019312;4.5726528;-4.514900064;-0.32879927680009;10.5775691712;-4.1675058944;-1.0018490624;6.9114643456
1552737600;"16.03.2019 12:00";-3.1878216;-1.53974704;3.9127888;-3.9928551999999;1.0752286015999;9.8107931071999;-1.6577708672;-2.1369192704;6.7282524672
1552741200;"16.03.2019 13:00";-1.51400256;-1.6089584;3.5285216;-2.9959486528;-1.0321038976001;9.8555978815999;3.0319213055999;-3.5144708992;7.4516508031999
1552744800;"16.03.2019 14:00";0.49180255999998;-2.45740256;4.27422;-1.9688305472;-3.2032776384001;9.901842336;5.2359294783999;-3.4998130496;9.5042214591999
1552748400;"16.03.2019 15:00";2.56922848;-4.09482304;5.9095168;-0.97190880000008;-5.310528;9.9466457792;5.5682422336;-3.6718240256;9.6689186495999
1552752000;"16.03.2019 16:00";4.13170208;-5.6125936;8.4437656;-0.03499508480005;-4.4950912192;8.7772541504;4.8391217792;-4.6858704704;9.993159808
1552755600;"16.03.2019 17:00";4.47948032;-5.9959592;9.4345144;0.93033521919998;-3.6548765824001;7.5724594048;4.2767559872;-4.3090413376;10.256975712
1552759200;"16.03.2019 18:00";3.78938112;-5.7167032;9.284552;1.8672489344;-2.8393579328001;6.4030843072001;1.6785522048;-2.1554712;8.6001476928
1552762800;"16.03.2019 19:00";2.8294768;-5.41447056;8.7018208;1.4730792256;-3.2308753856001;6.6601980992001;1.0472631808;-3.5981510336;8.7835657984
1552766400;"16.03.2019 20:00";2.26836384;-5.25314272;8.1754536;1.0669991744;-3.6342732800001;6.9250185152001;0.4160410944;-5.040914336;8.9670508416
1552770000;"16.03.2019 21:00";2.0591032;-5.35710176;8.0520504;0.67282946559998;-4.0257907328001;7.1820669696001;-0.2343242496;-6.5273866176001;9.1560028608001
1552773600;"16.03.2019 22:00";2.11332928;-5.85522816;7.9461176;0.63524378239998;-4.2082071104001;7.5177266880001;-0.28449538560001;-7.0619295808001;9.9174982336001
1552777200;"16.03.2019 23:00";1.76225456;-6.37921376;7.7660176;0.59661481599999;-4.3961797568001;7.8634650944001;-0.33466812160001;-7.5965362816001;10.6789282688
1552780800;"17.03.2019 00:00";1.12434112;-6.7136264;7.9063504;0.55911073279999;-4.5786126656001;8.1991416128001;-0.38624274560002;-8.1472479168001;11.463441504
1552784400;"17.03.2019 01:00";0.56382175999999;-6.88199232;8.066516;0.97851691519999;-4.4541110912001;8.2336689792001;-0.32109015040002;-7.3303493312001;10.7456455872
1552788000;"17.03.2019 02:00";0.34435583999999;-6.96345824;8.1015816;1.4106946176;-4.3256952448001;8.2691783360001;-0.25585568640002;-6.5133688768001;10.027915008
1552791600;"17.03.2019 03:00";0.46522255999999;-7.02654432;8.1110816;1.8300992;-4.2011934016001;8.3037059712001;-0.18869717120002;-5.6716596928001;9.2883250496001
1552795200;"17.03.2019 04:00";0.66973647999999;-6.71250384;7.8334144;1.870715584;-4.3295408320001;8.7500584640001;-0.49871065600002;-5.9534264;9.4955589184001
1552798800;"17.03.2019 05:00";0.74637183999999;-6.50759216;7.819144;1.9125622144;-4.4618604992001;9.2099141824;-0.80882254080002;-6.2352915072;9.7027274496001
1552802400;"17.03.2019 06:00";0.35480815999999;-6.78073968;8.1471456;1.9532604672;-4.5902716672001;9.6562666752;-1.1282728;-6.5256838592;9.9162485184
1552806000;"17.03.2019 07:00";0.17992479999999;-6.9875552;8.4242144;-0.56819309440002;-5.0638631168001;11.4374723072;-1.935825888;-6.4115973184;10.0391295488
1552809600;"17.03.2019 08:00";-0.034087200000005;-6.93683664;8.3879472;-3.16596144;-5.5518782848001;13.2726199424;-2.743278976;-6.2975123776;10.1620775168
1552813200;"17.03.2019 09:00";-0.7609264;-6.86414464;8.4746784;-5.6873331328;-6.0254529344001;15.0538255744;-3.575288032;-6.1799192192;10.2887790912
1552816800;"17.03.2019 10:00";-1.6038592;-6.95675152;8.6889096;-5.8572735936;-6.4181255360001;15.7350763968;-3.9338338176;-6.290691904;10.651589312
1552820400;"17.03.2019 11:00";-2.21703264;-7.31872112;9.1729112;-6.0323312064;-6.8227523968001;16.4370526528;-4.2923796032;-6.4014480576;11.0144995328
1552824000;"17.03.2019 12:00";-2.57102592;-7.5845024;9.490944;-6.2022729984;-7.2154249984001;17.118385344;-4.6617045824;-6.5155998336;11.3883334016
1552827600;"17.03.2019 13:00";-2.68675344;-8.08309008;10.0152768;-5.6848258816;-7.4263172800001;16.7256730368;-4.0232736448;-7.2285830016;11.8523979776
1552831200;"17.03.2019 14:00";-2.43366064;-8.68952368;10.7392784;-5.1516913856;-7.6435596544001;16.321039936;-3.3847459072;-7.9415661696;12.3165294912
1552834800;"17.03.2019 15:00";-1.79369424;-8.54846064;10.7636112;-4.6341624;-7.8543700672001;15.9283276288;-2.7269464832;-8.6761150656;12.794681408
1552838400;"17.03.2019 16:00";-1.1676952;-7.8525712;10.4116472;-2.9001166208;-7.4045843968001;14.4480097728;-1.5056006976;-8.5574285888;12.5783757888
1552842000;"17.03.2019 17:00";-0.53734256;-6.92671568;9.6008472;-1.1134155136;-6.9412239360001;12.9228480768;-0.28425331200001;-8.4386618432;12.3620851008
1552845600;"17.03.2019 18:00";0.084176639999999;-6.41257248;8.9186784;0.62071346559996;-6.4915366656001;11.4425480832;0.97411392639999;-8.3163477248;12.1392174592
1552849200;"17.03.2019 19:00";0.49450944;-5.68056432;8.0542768;1.0585046592;-6.3668101184001;11.372808672;1.2511585984;-7.457949216;11.0929132096
1552852800;"17.03.2019 20:00";0.55798928;-5.29007616;7.2531424;1.5096024064;-6.2383159488001;11.301024832;1.5281214016;-6.5996491072001;10.0465908288
1552856400;"17.03.2019 21:00";0.53958224;-5.1738608;6.7312736;1.9473936;-6.1135891328001;11.2313016832;1.813615872;-5.7152920512001;8.968571488
1552860000;"17.03.2019 22:00";0.3642424;-5.16247232;6.3767376;2.1849965824;-6.0948808960001;11.3975500416;1.7017212096;-5.7125675648001;8.77272848
1552863600;"17.03.2019 23:00";0.23663584;-5.2042984;6.3963048;2.429741216;-6.0755417024001;11.5687850752;1.589906816;-5.7099265472001;8.5767870720001
1552867200;"18.03.2019 00:00";0.1763888;-5.22443792;6.3038032;2.6673441984;-6.0568318656001;11.7350334336;1.4746549248;-5.7071965056001;8.3749974464001
1552870800;"18.03.2019 01:00";0.19098176;-5.201264;6.2924032;2.6405153024;-5.8943677120001;11.428822144;1.3323454784;-5.1633306560001;7.9283008704001
1552874400;"18.03.2019 02:00";0.19966112;-5.12328352;6.0948672;2.6129490304;-5.7269835584001;11.1133505664;1.190034432;-4.6195301440001;7.4816861632
1552878000;"18.03.2019 03:00";0.20273392;-5.04646304;5.9818672;2.5862185344;-5.5644537984001;10.8071227456;1.0433401664;-4.0591469952001;7.0215205632
1552881600;"18.03.2019 04:00";0.13801984;-5.00494928;5.9053;1.4742588864;-5.5186642048001;10.5348235136;0.62313018239997;-4.1890777472;6.831640608
1552885200;"18.03.2019 05:00";-0.059974240000002;-5.08718288;5.9199672;0.32863304319998;-5.4714522624001;10.2542659584;0.20290366719998;-4.319090368;6.6417590528
1552888800;"18.03.2019 06:00";-0.67212176;-5.11515248;6.0092672;-0.78324446720002;-5.4255808000001;9.9819664576001;-0.23006796160002;-4.4529576;6.4460964864
1552892400;"18.03.2019 07:00";-1.193361888;-5.0666619136;5.926014848;-2.093987136;-5.5708707520001;11.2027672064;-1.2381525568;-3.6714625856;6.5965278208
1552896000;"18.03.2019 08:00";-1.714702016;-5.0181713472;5.842862496;-3.4444116672;-5.7204706496001;12.4605842048;-2.2461552832;-2.8899857024;6.7468772864
1552899600;"18.03.2019 09:00";-2.25184336;-4.9682144;5.7571328;-4.7551540672;-5.8656787328001;13.6814668224;-3.284732096;-2.0847360576;6.9018579328
1552903200;"18.03.2019 10:00";-2.4434293728;-4.8034209504;5.826201504;-4.5025717312;-5.5612488384001;13.0274240384;-2.7439942784;-1.6436073536;5.9111251072
1552906800;"18.03.2019 11:00";-2.6350153856;-4.6387275008;5.895370208;-4.2423622656;-5.2476488960001;12.3536617536;-2.2032548608;-1.2023802496;4.9203741504
1552910400;"18.03.2019 12:00";-2.83245552;-4.46893728;5.9665016;-3.9898452672;-4.9432190016001;11.6996205696;-1.6461751872;-0.74783935360002;3.8996422528
1552914000;"18.03.2019 13:00";-2.6779602592;-4.4884893088;5.986423712;-2.991073056;-3.9109803136001;9.3202949696;-1.3790052736;-0.70846172800002;3.3912825344
1552917600;"18.03.2019 14:00";-2.5233649984;-4.5079413376;6.006345824;-1.9620903424;-2.8474423552001;6.8687986624;-1.1117700224;-0.66908410240002;2.882924416
1552921200;"18.03.2019 15:00";-2.36415776;-4.52806464;6.026808;-0.96330159999998;-1.8152036672001;4.4894733312;-0.8364328256;-0.62840583680001;2.359199136
1552924800;"18.03.2019 16:00";-1.6386490848;-4.5406613696;5.84622848;-0.71818606719998;-2.6464828032001;5.5802935168;-0.40311404160001;-0.95931381760001;2.5421472768
1552928400;"18.03.2019 17:00";-0.91314040959998;-4.5532580992;5.66564896;-0.46554833279999;-3.5029784640001;6.7042854528;0.030139404799987;-1.2901217984;2.7251772864
1552932000;"18.03.2019 18:00";-0.16561631999999;-4.56615776;5.479564;-0.22043306879999;-4.3343573312001;7.7951056384;0.47657125119998;-1.6310119936;2.9136144
1552935600;"18.03.2019 19:00";0.079253580800005;-4.6140686912;5.527308;0.46945188479999;-4.2978443392001;7.9521373056001;0.57808341759998;-2.2055845824;3.6681893504
1552939200;"18.03.2019 20:00";0.3242234816;-4.6619796224;5.575152;1.1802471808;-4.2601565312001;8.1139444544001;0.67951371519997;-2.7801571712;4.4228445696
1552942800;"18.03.2019 21:00";0.57648944;-4.7113424;5.624364;1.8701321344;-4.2236611328001;8.2709595904001;0.78406894079997;-3.3721442816;5.200278816
1552946400;"18.03.2019 22:00";0.481483216;-4.7065856192;5.583686592;1.8661229504;-4.0174526144001;7.9076569856001;0.76969214079997;-3.3128106624;5.133345344
1552950000;"18.03.2019 23:00";0.386476992;-4.7018288384;5.543009184;1.8620600512;-3.8050091840001;7.5333524736001;0.75531694079996;-3.2534770432;5.0663465344
1552953600;"19.03.2019 00:00";0.28857664;-4.69690064;5.5010264;1.8580505984;-3.5988006656001;7.1701154752001;0.74045590399996;-3.1922746624;4.9974130432
1552957200;"19.03.2019 01:00";0.3231851456;-4.7423243648;5.562060992;1.4055975872;-3.6200501696001;7.1621119360001;0.70598922879996;-3.3130515328;5.1413591552
1552960800;"19.03.2019 02:00";0.3576936512;-4.7877480896;5.622995584;0.97981987839996;-3.6401303296001;7.1544944832001;0.67142255359996;-3.4338268032;5.2853722048
1552964400;"19.03.2019 03:00";0.39335695999999;-4.8346392;5.6857888;0.52736686719997;-3.6613798336001;7.1464925440001;0.63585514239996;-3.5582419712;5.4337096384
1552968000;"19.03.2019 04:00";0.1411947776;-4.7510699072;5.585617792;0.074930118399974;-3.6826472000001;7.1384087360001;0.034303257599964;-3.565831232;5.492084384
1552971600;"19.03.2019 05:00";-0.1109674048;-4.6675006144;5.485446784;-0.35094705280002;-3.7027094976001;7.1308566208001;-0.56716675840003;-3.5735039616;5.5504425984
1552975200;"19.03.2019 06:00";-0.37071632;-4.58141104;5.3822312;-0.80338380160002;-3.7239590016001;7.1227728128001;-1.186956896;-3.5813379328;5.610598016
1552978800;"19.03.2019 07:00";-1.087007472;-4.422759648;5.384540256;-1.1139847808;-3.5557239040001;7.2101807872001;-1.8655717696;-3.263903456;6.2560489472
1552982400;"19.03.2019 08:00";-1.803298624;-4.264108256;5.386949312;-1.4063543808;-3.3973661952001;7.2924376000001;-2.5441866432;-2.9464839104;6.9015180096
1552986000;"19.03.2019 09:00";-2.54121072;-4.10068864;5.3893344;-1.7170361664;-3.2291297664001;7.3798290432001;-3.2433424448;-2.6194521216;7.5666198592
1552989600;"19.03.2019 10:00";-2.6977174976;-3.726527744;5.217755872;-2.0277192832;-3.0608930688001;7.4672372864;-2.7461692352;-2.2094619584;6.4997377216
1552993200;"19.03.2019 11:00";-2.8541242752;-3.352466848;5.046177344;-2.3200888832;-2.9025204288001;7.5494940992;-2.248929088;-1.7995355328;5.4329390528
1552996800;"19.03.2019 12:00";-3.01534944;-2.96693744;4.8694328;-2.6306736;-2.7342837312001;7.6368855424;-1.7366434432;-1.3771273088;4.3337657408
1553000400;"19.03.2019 13:00";-2.6967745152;-3.2104719744;4.980649792;-2.1667988544;-2.9628614016001;7.5584894336;-1.3864448704;-1.197813408;3.8407595776
1553004000;"19.03.2019 14:00";-2.3782995904;-3.4540065088;5.091866784;-1.7301943744;-3.1780418304001;7.4847020992;-1.0362281664;-1.0184995072;3.3476715456
1553007600;"19.03.2019 15:00";-2.05017088;-3.70494512;5.2063752;-1.2663033664;-3.4066208320001;7.4063046592;-0.67540014079999;-0.83378976;2.8397421952
1553011200;"19.03.2019 16:00";-1.2204015232;-4.044205904;5.237822976;-0.8024286208;-3.6351817024001;7.3279069504;-0.2228399424;-1.4756440448;3.4165684608
1553014800;"19.03.2019 17:00";-0.39063216639999;-4.383566688;5.269270752;-0.36590600960001;-3.8503789312;7.2541046848;0.22963998719999;-2.1174833984;3.9934112576
1553018400;"19.03.2019 18:00";0.46431808;-4.73308992;5.3016624;0.097984998399984;-4.0789411328;7.175706976;0.69590151679998;-2.7788485184;4.5877267456
1553022000;"19.03.2019 19:00";0.6893843104;-4.9165367968;5.55059904;0.56506234879998;-4.1437772224;7.5394047552;0.68513728639998;-3.1807771392;5.1912666368
1553025600;"19.03.2019 20:00";0.9145505408;-5.0998836736;5.79953568;1.0045538176;-4.2047079424001;7.8816491904;0.67437305599997;-3.58270416;5.7948246592
1553029200;"19.03.2019 21:00";1.14643696;-5.28882288;6.0560704;1.471631168;-4.2695275008001;8.2453307072;0.66324316159996;-3.996864704;6.416707296
1553032800;"19.03.2019 22:00";1.1187762656;-5.35152584;6.223017344;1.9386266496;-4.3342819904001;8.6089300864;0.45957601919996;-4.0212808192;6.3102419712
1553036400;"19.03.2019 23:00";1.0911155712;-5.4142288;6.389964288;2.3782010496;-4.3952956416001;8.9512550592;0.25591047679996;-4.0456953344;6.2037585152
1553040000;"20.03.2019 00:00";1.06257728;-5.47883488;6.5619672;2.8451952;-4.4600320000001;9.3148557696;0.046070809599957;-4.0708558656;6.0941628096
1553043600;"20.03.2019 01:00";0.98788454399999;-5.5013335808;6.568837088;2.4942350144;-4.4700707584001;9.1922175616;0.10909279359996;-4.0469441408;6.201063328
1553047200;"20.03.2019 02:00";0.91329180799999;-5.5237322816;6.575706976;2.1639032832;-4.4795264384001;9.0768534464;0.17211477759995;-4.0229505472;6.3080441152
1553050800;"20.03.2019 03:00";0.83637807999999;-5.54690064;6.5827608;1.8129262976;-4.4895473344001;8.9542152384001;0.23710237439995;-3.9982488832;6.4182354944
1553054400;"20.03.2019 04:00";0.63953288;-5.6205919488;6.729902144;1.4620466496;-4.4995860928001;8.8315772992001;-0.33052279680005;-4.1342410176;6.5796607616
1553058000;"20.03.2019 05:00";0.44258768;-5.6942832576;6.877143488;1.1317149184;-4.5089585728001;8.7161145152001;-0.89814796800004;-4.2702166208;6.7410710976
1553061600;"20.03.2019 06:00";0.23973808;-5.770244;7.0287376;0.78073793279997;-4.5189808000001;8.5934763072001;-1.482948576;-4.410318272;6.9073788928
1553065200;"20.03.2019 07:00";-0.49420645439999;-5.9536228352;7.177187776;0.12879668479998;-4.4790608000001;8.82326336;-2.3529650816;-4.2145251968;7.7570425344
1553068800;"20.03.2019 08:00";-1.2280509888;-6.1370009376;7.325537952;-0.48483505280001;-4.4413776000001;9.0395702464;-3.2230485248;-4.0187470528;8.606607776
1553072400;"20.03.2019 09:00";-1.9842696;-6.32583744;7.4785048;-1.136792832;-4.4014424000001;9.2693570304;-4.1194392128;-3.8170442176;9.4820266496
1553076000;"20.03.2019 10:00";-2.2319229824;-6.2109138144;7.473055328;-1.7887327488;-4.3614408000001;9.4991451456;-3.5097008704;-3.1546178048;8.3284051008
1553079600;"20.03.2019 11:00";-2.4796763648;-6.0959901888;7.467605856;-2.4023658176;-4.3238392000001;9.7154507008;-2.899962528;-2.492091392;7.1748654208
1553083200;"20.03.2019 12:00";-2.73488288;-5.97749312;7.4620064;-3.0543222656;-4.2838210688;9.945238816;-2.2717050752;-1.8096460544;5.9863178368
1553086800;"20.03.2019 13:00";-2.2906365088;-6.4517236224;7.829205216;-2.5899456384;-4.3167364864;9.6085845696;-1.8479084672;-1.7598353856;5.2861077312
1553090400;"20.03.2019 14:00";-1.8463901376;-6.9258541248;8.196404032;-2.1528678272;-4.3477598464;9.29176784;-1.4242086592;-1.709942848;4.5858810944
1553094000;"20.03.2019 15:00";-1.38873024;-7.4143704;8.5747816;-1.6884912;-4.3807406016;8.9551133248;-0.98763137279999;-1.6586882048;3.8645329792
1553097600;"20.03.2019 16:00";-0.54294648959998;-7.0352616192;8.266184128;-1.2241132416;-4.413654688;8.6185406784;-0.6029129536;-3.0238194112;5.40708944
1553101200;"20.03.2019 17:00";0.30283726080001;-6.6561528384;7.957686656;-0.78703516159998;-4.4446777792;8.30172528;-0.21827640320001;-4.3890324864;6.9496475008
1553104800;"20.03.2019 18:00";1.17423264;-6.26552864;7.6396832;-0.32267533439998;-4.4775766656;7.9650710336;0.17797067519999;-5.7955712832;8.5389706432
1553108400;"20.03.2019 19:00";1.29905104;-6.3569557824;7.9116927168;0.18227951360001;-4.3764086464;7.9885853696;0.087456345599976;-5.4466525824;8.2792714368
1553112000;"20.03.2019 20:00";1.42386944;-6.4482829248;8.183785568;0.6574708224;-4.2811508864001;8.0106716736;-0.0030579840000347;-5.0976520128;8.0194887616
1553115600;"20.03.2019 21:00";1.55251264;-6.54251392;8.464008;1.162344864;-4.1799673984001;8.0341873408;-0.096286816000046;-4.7381076288;7.7519530624
1553119200;"20.03.2019 22:00";1.6572869984;-6.54420136;8.512490592;1.6672831808;-4.0787825792001;8.0577019456;-0.40917111040005;-4.8325641088;7.6941611648
1553122800;"20.03.2019 23:00";1.7620613568;-6.5458888;8.560973184;2.1424910208;-3.9836066880001;8.0798047808;-0.72197353600005;-4.9271189888;7.636451136
1553126400;"21.03.2019 00:00";1.87005312;-6.54758192;8.6108704;2.6473472;-3.8823400000001;8.1033191168;-1.0442831552001;-5.0244498752;7.5769447296
1553130000;"21.03.2019 01:00";1.89643752;-6.5602835328;8.674307168;2.1510688192;-3.9301236480001;8.0574719424;;;
1553133600;"21.03.2019 02:00";1.92292192;-6.5729851456;8.737643936;1.6838841792;-3.9749693504001;8.014475008;;;
1553137200;"21.03.2019 03:00";1.95023312;-6.58601408;8.8029;1.1876044672;-4.0227516672001;7.9686275648;;;
1553140800;"21.03.2019 04:00";1.6753967424;-6.8826839104;9.082298528;0.69130795519998;-4.0704353152001;7.9228619904001;;;
1553144400;"21.03.2019 05:00";1.4004603648;-7.1793537408;9.361797056;0.22422304639998;-4.1153631552001;7.8797818560001;;;
1553148000;"21.03.2019 06:00";1.1172744;-7.48505296;9.6497016;-0.27205666560002;-4.1630633344001;7.8340165504001;;;
1553151600;"21.03.2019 07:00";0.55743081280001;-7.8009602496;9.622402304;-0.54696636160001;-4.0637972608001;7.8166151424001;;;
1553155200;"21.03.2019 08:00";-0.0024127743999875;-8.1167675392;9.595103008;-0.8056820416;-3.9704057408001;7.8002762688;;;
1553158800;"21.03.2019 09:00";-0.57933343999998;-8.44217808;9.5669704;-1.0805096;-3.8711577984001;7.782891392;;;
1553162400;"21.03.2019 10:00";-0.76201963839998;-8.3938670112;9.453686752;-1.3554190272;-3.7719085248001;7.7654902528;;;
1553166000;"21.03.2019 11:00";-0.94470583679997;-8.3456559424;9.340503104;-1.6141347072;-3.6785170048;7.7491527104;;;
1553169600;"21.03.2019 12:00";-1.13302192;-8.29586272;9.2238048;-1.8889622656;-3.5793330688;7.7317513024;;;
1553173200;"21.03.2019 13:00";-0.76334991999997;-8.0589398432;9.119834144;-1.518855328;-3.5200292992;7.3542995264;;;
1553176800;"21.03.2019 14:00";-0.39377791999997;-7.8220169664;9.015863488;-1.1704675392;-3.4642620992;6.9990964736;;;
1553180400;"21.03.2019 15:00";-0.013021919999976;-7.57782976;8.9087816;-0.80036060159998;-3.4050236672;6.6216446976;;;
1553184000;"21.03.2019 16:00";0.57592016000002;-7.3793967904;8.944336896;-0.43018832639998;-3.3458017664;6.2442105152;;;
1553187600;"21.03.2019 17:00";1.16476224;-7.1809638208;8.979792192;-0.081864275199991;-3.2900345664;5.8889909312;;;
1553191200;"21.03.2019 18:00";1.77145408;-6.97650864;9.0164128;0.288308;-3.2307310656;5.5115556864;;;
1553194800;"21.03.2019 19:00";1.8352787264;-6.8929082368;8.98816016;0.3062468736;-3.4952720064;6.0085586048;;;
1553198400;"21.03.2019 20:00";1.8991033728;-6.8093078336;8.96000752;0.3232559936;-3.7442091264;6.4762338688;;;
1553202000;"21.03.2019 21:00";1.96476816;-6.7232256;8.9310048;0.34119486719999;-4.0087668672001;6.9732517184;;;
1553205600;"21.03.2019 22:00";1.9855401888;-6.7350399136;8.972927744;0.35915027199999;-4.2733091392001;7.470172768;;;
1553209200;"21.03.2019 23:00";2.0063122176;-6.7467542272;9.014850688;0.37614286079998;-4.5222630592001;7.937946432;;;
1553212800;"22.03.2019 00:00";2.02759552;-6.75892352;9.0580016;0.39409826559998;-4.7868040000001;8.4349480192001;;;
1553216400;"22.03.2019 01:00";2.0345278272;-6.7383406944;9.0704056;0.044965919999986;-4.5598526400001;8.2416953536001;;;
1553220000;"22.03.2019 02:00";2.0414601344;-6.7178578688;9.0828096;-0.28359792000001;-4.3462001600001;8.0598742272001;;;
1553223600;"22.03.2019 03:00";2.04848736;-6.6966392;9.0956016;-0.6327302656;-4.1192488000001;7.8667034304001;;;
1553227200;"22.03.2019 04:00";1.7032211648;-6.9195762528;9.227699424;-0.98184608;-3.8922971712001;7.6734507648001;;;
1553230800;"22.03.2019 05:00";1.3578549696;-7.1424133056;9.359697248;-1.31050992;-3.6787268288001;7.4916128384001;;;
1553234400;"22.03.2019 06:00";1.00210192;-7.37203936;9.4958344;-1.6596257344;-3.4517752000001;7.2983601728001;;;
1553238000;"22.03.2019 07:00";0.48587231040001;-7.3191574208;9.016708576;-1.6209842752;-2.6651107520001;6.9637484544001;;;
1553241600;"22.03.2019 08:00";-0.030357299199987;-7.2661754816;8.537582752;-1.5845813952;-1.9247653120001;6.6487249664;;;
1553245200;"22.03.2019 09:00";-0.56222719999998;-7.21169712;8.0439016;-1.5459412672;-1.1381830016001;6.3140297792;;;
1553248800;"22.03.2019 10:00";-0.97491398079997;-7.082034912;8.02539136;-1.507301408;-0.35151988480009;5.979336192;;;
1553252400;"22.03.2019 11:00";-1.3877007616;-6.952472704;8.00688112;-1.4709150592;0.38882555519991;5.6643945728;;;
1553256000;"22.03.2019 12:00";-1.81286896;-6.81899952;7.9877736;-1.4322749312;1.1754081343999;5.3297009855999;;;
1553259600;"22.03.2019 13:00";-1.6629828512;-7.0476965504;8.205856768;-1.0875993472;1.0675881727999;4.7756014975999;;;
1553263200;"22.03.2019 14:00";-1.5131967424;-7.2764935808;8.423939936;-0.76325598719999;0.96618449279995;4.2542129792;;;
1553266800;"22.03.2019 15:00";-1.3588656;-7.5121784;8.6485832;-0.41859826559999;0.85836319999996;3.7001134912;;;
1553270400;"22.03.2019 16:00";-0.51865001599998;-7.19493776;8.5447392;-0.073939212799988;0.75054350719998;3.1460961408;;;
1553274000;"22.03.2019 17:00";0.32146556800001;-6.87779712;8.4409952;0.25040254720001;0.64904142719999;2.6246254848;;;
1553277600;"22.03.2019 18:00";1.1870392;-6.5509704;8.3339832;0.59507840000001;0.5413198656;2.0706081344;;;
1553281200;"22.03.2019 19:00";1.327657376;-6.422729696;8.23054544;0.7461168384;0.93341982720001;2.7297366656;;;
1553284800;"22.03.2019 20:00";1.468275552;-6.294588992;8.12720768;0.88834862719999;1.3023835072;3.3502059648;;;
1553288400;"22.03.2019 21:00";1.6131064;-6.1625016;8.0206112;1.0393870656;1.6944832;4.0094179648;;;
1553292000;"22.03.2019 22:00";1.605577552;-6.153990144;8.046450912;1.1905228416;2.0865831616;4.6685630272;;;
1553295600;"22.03.2019 23:00";1.597948704;-6.145578688;8.072290624;1.332673824;2.4556300416;5.2890323264;;;
1553299200;"23.03.2019 00:00";1.5902008;-6.1368184;8.0989376;1.4837930688;2.8477462656;5.9481621888;;;
1553302800;"23.03.2019 01:00";1.636701648;-6.138771744;8.104115072;;;;;;
1553306400;"23.03.2019 02:00";1.683202496;-6.140725088;8.109192544;;;;;;
1553310000;"23.03.2019 03:00";1.7311064;-6.1426952;8.114536;;;;;;
1553313600;"23.03.2019 04:00";1.387544576;-6.200575136;8.00844288;;;;;;
1553317200;"23.03.2019 05:00";1.043982752;-6.2584634048;7.90234976;;;;;;
1553320800;"23.03.2019 06:00";0.6899736;-6.3181344;7.793072;;;;;;
